{
	"dir": "ltr",

	"components": {
		"assessment-factor-search": {
			"resultSingular": "result",
			"resultPlural": "results",
			"errors": {
				"required": "Please fill out this field.",
				"notLoaded": "The results could not be loaded."
			},
			"hints": {
				"noResults": "No matching results found.",
				"inputTooShort": "Please enter at least {{minLetters}} letters.",
				"isAlreadyInList": "(already selected)"
			}
		},
		"autoSubmitButton": {
			"texts": {
				"button": "trigger assessment"
			}
		},
		"assessmentFactorGroups": {
			"texts": {
				"addAnotherSearchTerm": "Add another search term",
				"continue": "Continue",
				"delete": "Delete"
			}
		},
		"assistance": {
			"request": "Request Assistance",
			"transfer": "Hand over"
		},
		"date": {
			"errors": {
				"required": "Please enter a date.",
				"invalidDate": "Please enter a valid date. (Eg. {{format}})",
				"dateMissing": "Please also enter a date."
			},
			"formats": {
				"year": "yyyy",
				"month": "MMMM yyyy",
				"day": "dd/MM/yyyy",
				"hour": "dd/MM/yyyy HH:mm",
				"minute": "dd/MM/yyyy HH:mm"
			},
			"placeholder": {
				"year": "YYYY",
				"month": "eg. \"January 1970\"",
				"day": "DD/MM/YYYY"
			},
			"dayNames": {
				"long": [
					"Sunday", "Monday", "Tuesday", "Wednesday",
					"Thursday", "Friday", "Saturday"
				],
				"short": [
					"Sun", "Mon", "Tue", "Wed", "Thu", "Fri", "Sat"
				]
			},
			"monthNames": {
				"long": [
					"January", "February", "March", "April",
					"May", "June", "July", "August", "September",
					"October", "November", "December"
				],
				"short": [
					"Jan", "Feb", "Mar", "Apr", "May", "Jun",
					"Jul", "Aug", "Sep", "Oct", "Nov", "Dec"
				]
			}
		},
		"time": {
			"timeFormat": "24h",
			"meridians": ["AM", "PM"],
			"fixedMinutesText": ": 00",
			"placeholder": {
				"hour": "HH",
				"minute": "mm"
			},
			"errors": {
				"time": "Please also enter a valid time."
			}
		},
		"list": {
			"errors": {
				"invalid": "There is still at least one error in this list."
			},
			"texts": {
				"addRow": "Add new row"
			}
		},
		"multiselection": {
			"errors": {
				"required": "Please select at least one element."
			}
		},
		"number": {
			"errors": {
				"required": "Please enter a number.",
				"precision": "Please enter a number with max. {{precision}} decimal places.",
				"integer": "Please enter an integer.",
				"invalidNumber": "Please enter a valid number.",
				"outOfUpperBound": "Input has to be at most {{val}}.",
				"outOfLowerBound": "Input has to be at least {{val}}."
			},
			"formats": {
				"separators": {
					"decimal": ".",
					"group": ","
				},
				"groupSize": 3,
				"lgGroupSize": 3
			},
			"stonesPounds": {
				"units": {
					"stones": "st",
					"pounds": "lbs"
				},
				"formats": {
					"stonesPounds": "{{stones}}st, {{pounds}}lbs",
					"stones": "{{stones}}st",
					"pounds": "{{pounds}}lbs"
				}
			},
			"feetInches": {
				"units": {
					"feet": "ft",
					"inches": "ins"
				},
				"formats": {
					"feetInches": "{{feet}}ft, {{inches}}ins",
					"feet": "{{feet}}ft",
					"inches": "{{inches}}ins"
				}
			},
			"multipleUnits": {
				"headlines": {
				}
			}
		},
		"pagination": {
			"errors": {
				"pageValidationError": "There are still errors on this page.",
				"pageValidationWarning": "There are still warnings on this page."
			},
			"hints": {
				"navigationBlockedTitle": "Navigation blocked!",
				"navigationBlockedMessage": {
					"stepwise": "You can only paginate stepwise. Please answer the pages in the correct order.",
					"validity": "You can only navigate when there are no more validation errors on this page."
				}
			},
			"texts": {
				"previous": "previous",
				"next": "next"
			}
		},
		"pattern": {
			"errors": {
				"doesNotMatch": "Input does not match requirement ({{pattern}})."
			}
		},
		"pdfLink": {
			"texts": {
				"policyDownload": "Policy details",
				"policyDownloadDetails": "PDF"
			}
		},
		"plainText": {
			"noAnswer": "no Answer given"
		},
		"popupBox": {
			"texts": {
				"close": "Close"
			}
		},
		"questionAnnotation": {
			"annotationMarker": "*",
			"required": "required",
			"optional": "optional"
		},
		"questionReminder": {
			"unansweredQuestionsAbove": "Don't forget to answer {{unansweredQuestionsAbove}} question(s) above.",
			"invalidQuestionsAbove": "The are {{invalidQuestionsAbove}} validation errors in question(s) above.",
			"unansweredAndInvalidQuestionsAbove": "There are {{unansweredQuestionsAbove}} unanswered and {{invalidQuestionsAbove}} invalid question(s) above.",
			"minimize": "OK",
			"focusFirstInvalidOrUnansweredQuestion": "Take me there"
		},
		"singleselection": {
			"errors": {
				"required": "Please select an option."
			},
			"hints": {
				"placeholder": "Please select an element."
			},
			"reset": "remove optional answer"
		},
		"spinner": {
			"requestTakesLongerThanUsual": "This request takes longer than usual..."
		},
		"submitButton": {
			"texts": {
				"button": "Submit"
			}
		},
		"struct": {
			"errors": {
				"invalid": "There is still at least one error in this struct."
			}
		},
		"text": {
			"errors": {
				"required": "Please enter a text."
			}
		}
	},

	"products": {
		"validation": {
			"error": "Product validation error",
			"info": "Product validation information",
			"warning": "Product validation warning"
		}
	}
}
